{"Abies balsamea": {"Acer rubrum": 0.47267315, "Picea mariana": 0.6101451499999999}, "Acer rubrum": {"Abies balsamea": 0.52732685, "Picea mariana": 0.637472}, "Picea mariana": {"Abies balsamea": 0.38985485000000003, "Acer rubrum": 0.3625280000000001}}