{"ABIE.BAL": {"HalfSat": {"lower": 77.632591650257, "upper": 202.36740834974302}, "MaxFracFol": {"lower": -0.012890462214302345, "upper": 0.0664460177698579}, "FracFolShape": {"lower": 6.0, "upper": 6.0}, "FracBelowG": {"lower": 0.28057493028755537, "upper": 0.41942506971244464}, "PsnAgeRed": {"lower": 1.7805405234735865, "upper": 3.9572372543041947}, "TOWood": {"lower": 0.004790309316655255, "upper": 0.035209690683344744}, "TORoot": {"lower": 0.018133582871652024, "upper": 0.038789494051424914}, "H3": {"lower": 91.49807224356104, "upper": 166.50192775643896}, "H4": {"lower": 128.1424095435094, "upper": 171.8575904564906}, "H1": {"lower": -5.55, "upper": 0.32999999999999885}, "H2": {"lower": 0.8600569830635258, "upper": 4.5399430169364745}, "FracFol": {"lower": 0.04, "upper": 0.11}, "SLWmax": {"lower": 93.23, "upper": 250.0}, "FrActWd": {"lower": 1.9600000000000002e-05, "upper": 6.199999999999999e-05}, "FolN": {"lower": 0.528, "upper": 2.189999999999999}, "TOFol": {"lower": 0.19, "upper": 1.0}, "k": {"lower": 0.47929803321972936, "upper": 0.6007019667802705}}, "ACER.RUB": {"HalfSat": {"lower": 148.7, "upper": 246.59999999999994}, "MaxFracFol": {"lower": -0.002834119996040059, "upper": 0.14183411999604006}, "FracFolShape": {"lower": 6.0, "upper": 6.0}, "FracBelowG": {"lower": 0.28057493028755537, "upper": 0.41942506971244464}, "PsnAgeRed": {"lower": 2.555825817292348, "upper": 6.144174182707651}, "TOWood": {"lower": 0.0145, "upper": 0.03865}, "TORoot": {"lower": 0.014836022205056778, "upper": 0.04516397779494322}, "H3": {"lower": 98.15, "upper": 154.50000000000003}, "H4": {"lower": 103.0, "upper": 160.0}, "H1": {"lower": -17.968559798068483, "upper": 1.4685597980684835}, "H2": {"lower": 0.8600569830635258, "upper": 4.5399430169364745}, "FracFol": {"lower": 0.009250000000000001, "upper": 0.033299999999999996}, "SLWmax": {"lower": 60.2, "upper": 116.5}, "FrActWd": {"lower": 1.675e-05, "upper": 4.25e-05}, "FolN": {"lower": 1.491, "upper": 2.8299999999999996}, "TOFol": {"lower": 0.8418550399071226, "upper": 1.1581449600928773}, "k": {"lower": 0.5592980332197294, "upper": 0.6007019667802705}}, "PICE.MAR": {"HalfSat": {"lower": 114.632591650257, "upper": 242.36740834974302}, "MaxFracFol": {"lower": 0.0071658800039599395, "upper": 0.15783411999604008}, "FracFolShape": {"lower": 6.0, "upper": 6.0}, "FracBelowG": {"lower": 0.28057493028755537, "upper": 0.3694250697124446}, "PsnAgeRed": {"lower": 3.955825817292348, "upper": 7.044174182707652}, "TOWood": {"lower": 0.004790309316655255, "upper": 0.04020969068334475}, "TORoot": {"lower": 0.014836022205056778, "upper": 0.03516397779494322}, "H3": {"lower": 98.15, "upper": 154.50000000000003}, "H4": {"lower": 103.0, "upper": 160.0}, "H1": {"lower": -5.55, "upper": 0.32999999999999885}, "H2": {"lower": 0.8600569830635258, "upper": 4.5399430169364745}, "FracFol": {"lower": 0.04, "upper": 0.11}, "SLWmax": {"lower": 93.23, "upper": 250.0}, "FrActWd": {"lower": 1.9600000000000002e-05, "upper": 6.199999999999999e-05}, "FolN": {"lower": 0.528, "upper": 2.189999999999999}, "TOFol": {"lower": 0.19, "upper": 1.0}, "k": {"lower": 0.47929803321972936, "upper": 0.6007019667802705}}}